{"_runtime":4,"_step":0,"moyenne_similarite":0.03496228536289111,"similarite_maximale":1.0000000000000002,"_timestamp":1.7759443596574552e+09,"_wandb":{"runtime":4}}