{"_wandb":{"runtime":5},"_runtime":5,"_step":0,"moyenne_similarite":0.03496228536289111,"similarite_maximale":1.0000000000000002,"_timestamp":1.775946233382399e+09}