{"_step":0,"moyenne_similarite":0.03496228536289111,"similarite_maximale":1.0000000000000002,"_wandb":{"runtime":5},"_runtime":5,"_timestamp":1.775945522755417e+09}