{"_timestamp":1.775940842380689e+09,"_step":0,"_wandb":{"runtime":0},"_runtime":0,"moyenne_similarite":0.03496228536289111,"similarite_maximale":1.0000000000000002}