{"_wandb":{"runtime":0},"_runtime":0,"_step":0,"moyenne_similarite":0.03496228536289111,"similarite_maximale":1.0000000000000002,"_timestamp":1.775937074389148e+09}